{
    "intents": [
      {
        "tag": "greeting",
        "patterns": ["Hi", "Hello", "Hey there", "Good morning", "Good afternoon", "Good evening"],
        "responses": ["Hello! How can I assist you today?", "Hi there! What brings you to the gym?", "Hey! How can I help you with your workout?"]
      },
      {
        
        "tag": "introduction",
        "patterns": ["Who are you?", "What's your name?", "Tell me about yourself", "What do you do here?"],
        "responses": ["I'm your gym trainer. My name is [Trainer's Name]. I'm here to help you achieve your fitness goals.", "I'm [Trainer's Name], your personal gym instructor. How can I assist you today?"]
      },
      {
        "tag": "goal",
        "patterns": ["I want to build muscle", "I want to lose weight", "I want to improve my stamina", "I want to get toned"],
        "responses": ["That's great! Let's work together to achieve your fitness goals. What specific exercises are you interested in?", "Awesome! We can tailor a workout plan to help you reach your goals. What kind of exercises do you enjoy?"]
      },
      {
        "tag": "exercise",
        "patterns": ["Can you show me how to do a bicep curl?", "How do I use the treadmill?", "What's the correct form for a squat?", "Can you recommend some ab exercises?"],
        "responses": ["Sure! Let me demonstrate the proper technique for you.", "Of course! Let's start with the basics. I'll walk you through it step by step.", "Absolutely! Let's focus on form first. It's essential for preventing injuries and maximizing results."]
      },
      {
        "tag": "diet",
        "patterns": ["What should I eat to gain muscle?", "Can you suggest a diet plan for weight loss?", "How can I improve my nutrition?"],
        "responses": ["Build lean muscle mass to boost metabolism and support weight loss.Example : Bodyweight exercises (modified push-ups, wall squats, step-ups)  15 X 5 Set .Dumbbell or resistance band workouts  15 X 5 Set. Seated strength exercises if mobility is limited.Frequency*: 2–3 times per week, allowing rest days between sessions. "]
      },
      {
        "tag": "motivation",
        "patterns": ["I'm feeling demotivated", "I'm struggling to stay consistent with my workouts", "How do I stay motivated?"],
        "responses": ["It's normal to have ups and downs on your fitness journey. Remember why you started and visualize your goals. Let's find ways to keep you motivated.", "Consistency is key to seeing progress. Let's set achievable goals and celebrate your victories along the way."]
      },
      {
        "tag": "injury",
        "patterns": ["I think I hurt my back while lifting weights", "My knee feels sore after running", "What should I do if I injure myself during a workout?"],
        "responses": ["Your safety is a priority. Let's assess the situation and determine the best course of action. It's essential to listen to your body and not push through pain.", "Injuries can happen, but it's essential to address them promptly. Let's modify your workout routine to prevent further strain and promote healing."]
      },
      {
        "tag": "progress",
        "patterns": ["How can I track my progress?", "When will I start seeing results?", "Am I making progress with my workouts?"],
        "responses": ["Tracking your progress is essential for staying motivated and adjusting your fitness plan as needed. Let's set up a system to monitor your improvements.", "Results take time, but with dedication and consistency, you'll see progress. Let's review your workout routine and make any necessary adjustments to optimize your results."]
      },
      {
        "tag": "goodbye",
        "patterns": ["Goodbye", "See you later", "Thanks for your help"],
        "responses": ["Goodbye! Remember to stay hydrated and fuel your body with nutritious foods.", "See you next time! Keep up the fantastic work.", "You're welcome! If you have any more questions, don't hesitate to ask."]
      },
      {
        "tag": "struggling",
        "patterns": ["I'm finding it hard to stick to my workout routine", "I keep skipping gym sessions", "How do I overcome gym procrastination?"],
        "responses": ["Consistency is key to seeing results. Let's explore strategies to make your workouts more enjoyable and manageable.", "It's common to face challenges in maintaining a workout routine. Let's identify any barriers you're facing and find solutions to overcome them."]
      },
      {
        "tag": "plateau",
        "patterns": ["I've hit a plateau in my progress", "My workouts don't seem to be as effective anymore", "How do I break through a fitness plateau?"],
        "responses": ["Plateaus are a natural part of the fitness journey. Let's shake things up by introducing new exercises or adjusting your training intensity.", "Breaking through a plateau requires mixing up your workout routine. Let's create a new plan to challenge your body and stimulate growth."]
      },
      {
        "tag": "nutrition",
        "patterns": ["What's the best pre-workout meal?", "Should I eat before or after my workout?", "Can you recommend supplements for muscle gain?"],
        "responses": ["Fueling your body with the right nutrients is essential for maximizing your workouts. Let's discuss your dietary preferences and create a personalized nutrition plan.", "Pre-workout nutrition can impact your performance and recovery. Let's tailor a meal plan to suit your goals and schedule."]
      },
      {
        "tag": "rest",
        "patterns": ["How many rest days should I take per week?", "Is it okay to workout every day?", "How important is rest for muscle recovery?"],
        "responses": ["Rest is crucial for muscle repair and growth. Let's create a balanced workout schedule that includes adequate rest days.", "Overtraining can lead to burnout and injuries. Let's prioritize rest and recovery to optimize your performance and prevent fatigue."]
      },
      {
        "tag": "feedback",
        "patterns": ["Can you provide feedback on my form?", "How can I improve my exercise technique?", "Do you have any tips for better performance?"],
        "responses": ["Form is key to preventing injuries and maximizing gains. Let's review your technique and make any necessary adjustments.", "Feedback is essential for continuous improvement. Let's work together to refine your form and enhance your workout experience."]
      },
      {
        "tag": "progression",
        "patterns": ["How do I progress in my workouts?", "When should I increase the weight or intensity?", "What's the best way to track progress?"],
        "responses": ["Progressive overload is the key to muscle growth and strength gains. Let's discuss strategies for gradually increasing the difficulty of your workouts.", "Tracking your progress allows you to celebrate achievements and identify areas for improvement. Let's set benchmarks and monitor your performance over time."]
      },
      {
        "tag": "motivation-boost",
        "patterns": ["I'm feeling unmotivated lately", "How do I stay motivated when progress is slow?", "Can you recommend motivational resources?"],
        "responses": ["Motivation fluctuates, but dedication is what drives results. Let's explore sources of inspiration and reignite your passion for fitness.", "Finding inspiration from others can help rekindle your motivation. Let's explore motivational videos, quotes, or success stories to keep you focused on your goals."]
      },
      {
        "tag": "challenge",
        "patterns": ["I'm looking for a new fitness challenge", "Can you suggest a workout challenge for me?", "How do I spice up my workout routine?"],
        "responses": ["Challenges are a great way to push your limits and break out of a fitness rut. Let's design a customized challenge tailored to your goals and interests.", "Adding variety to your workouts keeps things exciting and prevents boredom. Let's brainstorm fun and challenging exercises to spice up your routine."]
      },
      {
        "tag": "achievement",
        "patterns": ["I reached a new personal best in my workout", "I'm proud of my progress", "I accomplished my fitness goal"],
        "responses": ["Congratulations on your achievement! Your hard work and dedication are paying off. Keep up the fantastic work!", "I'm thrilled to hear about your success! Remember to celebrate your victories and set new goals to continue challenging yourself."]
      },
      {
        "tag": "goodbye",
        "patterns": ["Goodbye", "See you later", "Thanks for your guidance"],
        "responses": ["Goodbye! Remember to stay committed to your fitness journey and embrace the challenges along the way.", "See you next time! Keep pushing yourself to new heights and never stop striving for greatness.", "You're welcome! If you ever need advice or support, don't hesitate to reach out. Take care and keep crushing your goals!"]
      },
      {
        "tag": "goal-setting",
        "patterns": ["How do I set realistic fitness goals?", "What's the best way to set achievable workout targets?", "Can you help me define my fitness objectives?"],
        "responses": ["Setting clear and achievable goals is essential for progress. Let's discuss your aspirations and create a roadmap to success.", "Goal-setting provides direction and motivation. Let's work together to establish SMART (Specific, Measurable, Achievable, Relevant, Time-bound) goals that align with your fitness journey."]
      },
      {
        "tag": "injury-prevention",
        "patterns": ["How can I prevent workout injuries?", "What are the best injury prevention strategies?", "Can you give me tips for avoiding gym-related injuries?"],
        "responses": ["Prioritizing proper form and technique is key to injury prevention. Let's focus on correct exercise execution and gradually progress to more challenging movements.", "Injury prevention starts with listening to your body and knowing your limits. Let's design a safe and effective workout program tailored to your fitness level and needs."]
      },
      {
        "tag": "workout-routine",
        "patterns": ["Do you have a recommended workout routine?", "Can you create a personalized exercise plan for me?", "How do I structure my workouts for optimal results?"],
        "responses": ["Customizing your workout routine ensures it fits your goals and preferences. Let's design a balanced program that incorporates strength training, cardio, flexibility, and rest.", "Your workout routine should be tailored to your individual needs and goals. Let's collaborate to build a comprehensive exercise plan that maximizes efficiency and effectiveness."]
      },
      {
        "tag": "equipment-usage",
        "patterns": ["How do I use gym equipment properly?", "Can you demonstrate the correct form for certain exercises?", "I'm unsure about using certain machines. Can you provide guidance?"],
        "responses": ["Proper equipment usage is crucial for safety and effectiveness. Let's go through each exercise step-by-step and ensure you're performing them correctly.", "Understanding how to use gym equipment correctly maximizes its benefits and reduces the risk of injury. Let's schedule a session to practice using different machines and implements."]
      },
      {
        "tag": "nutrition-advice",
        "patterns": ["What should I eat before and after workouts?", "Can you suggest a nutrition plan to support my fitness goals?", "How does diet impact exercise performance?"],
        "responses": ["Nutrition plays a significant role in fueling your workouts and aiding recovery. Let's develop a nutrition plan that complements your training regimen and promotes optimal performance.", "Balancing macronutrients and timing meals appropriately can enhance your exercise outcomes. Let's discuss dietary strategies to support your fitness goals and lifestyle."]
      },
      {
        "tag": "progress-tracking",
        "patterns": ["How do I track my fitness progress?", "What are the best methods for monitoring workout performance?", "Can you recommend fitness apps or tools for tracking progress?"],
        "responses": ["Tracking your progress allows you to assess your growth and make informed adjustments to your training. Let's explore different tracking methods, such as journaling, apps, or wearable devices.", "Measuring key fitness metrics, such as strength, endurance, and body composition, provides valuable insights into your progress. Let's establish benchmarks and implement a tracking system to monitor your performance over time."]
      },
      {
        "tag": "overcoming-challenges",
        "patterns": ["I'm struggling to stay consistent with my workouts", "How do I overcome gym-related challenges and obstacles?", "Can you provide tips for staying motivated during tough times?"],
        "responses": ["Consistency is key to success, but setbacks are a natural part of the journey. Let's identify potential obstacles and develop strategies to overcome them together.", "Facing challenges builds resilience and character. Let's explore tactics to boost your motivation and perseverance, such as setting short-term goals, finding a workout buddy, or varying your routine."]
      },
      {
        "tag": "mindset-shift",
        "patterns": ["I'm struggling with a negative mindset towards exercise", "How can I cultivate a more positive attitude towards fitness?", "Can you help me shift my mindset from self-doubt to confidence?"],
        "responses": ["A positive mindset is essential for enjoying the process and sustaining long-term fitness habits. Let's challenge negative thoughts and replace them with empowering beliefs that support your growth and well-being.", "Transforming your mindset requires self-awareness and self-compassion. Let's explore mindfulness practices, affirmations, and gratitude exercises to cultivate a positive outlook on your fitness journey."]
      },
      {
        "tag": "encouragement",
        "patterns": ["I'm feeling discouraged by my progress", "Can you provide words of encouragement to keep me motivated?", "I'm doubting my abilities. Can you offer reassurance?"],
        "responses": ["Progress may be slow, but every step forward counts. Remember that setbacks are temporary, and your dedication will pay off in the long run. Keep pushing forward!", "Believe in yourself and your capabilities. You're stronger and more resilient than you think. Trust the process, stay committed, and embrace the journey."]
      },
      {
        "tag": "warm-up",
        "patterns": ["How important is warming up before a workout?", "Can you recommend effective warm-up exercises?", "Should I do a warm-up routine even for cardio workouts?"],
        "responses": ["Warming up prepares your body for exercise by increasing blood flow to your muscles and improving flexibility. <br> Jumping Jacks (15 X 5 Set) <br> Burpees (15 X 5 Set)  ."]
      },
      {
        "tag": "cool-down",
        "patterns": ["Do I need to cool down after a workout?", "What are the benefits of cooling down post-exercise?", "Can you suggest cool-down stretches for muscle recovery?"],
        "responses": ["Cooling down helps your body gradually transition from exercise to rest, preventing blood pooling and muscle soreness. Let's incorporate gentle stretches and low-intensity movements into your post-workout routine.", "A proper cool-down promotes relaxation, reduces muscle tension, and aids in recovery. Let's design a cooldown protocol to enhance your post-exercise recovery and flexibility."]
      },
      {
        "tag": "hydration",
        "patterns": ["How important is hydration during workouts?", "What should I drink before, during, and after exercise?", "Can you provide tips for staying hydrated during intense training sessions?"],
        "responses": ["Hydration is essential for maintaining performance, preventing dehydration, and supporting recovery. Let's discuss proper hydration strategies based on your fluid needs, workout duration, and intensity.", "Staying hydrated optimizes your physical and mental performance. Let's develop a hydration plan that includes pre, intra, and post-workout fluid intake recommendations tailored to your training regimen and environment."]
      },
      {
        "tag": "rest-and-recovery",
        "patterns": ["How much rest do I need between workouts?", "What are the signs of overtraining, and how can I prevent it?", "Can you provide recovery tips for optimizing muscle repair and growth?"],
        "responses": ["Rest and recovery are crucial for muscle repair, growth, and overall performance improvement. Let's create a balanced training schedule that incorporates adequate rest days and active recovery strategies.", "Overtraining can lead to fatigue, decreased performance, and increased risk of injury. Let's monitor your training load, listen to your body, and prioritize recovery to prevent burnout and optimize your results."]
      },
      {
        "tag": "exercise-variations",
        "patterns": ["How can I add variety to my workouts?", "Can you suggest alternative exercises to target specific muscle groups?", "I'm getting bored with my current routine. Can you recommend new exercises to spice things up?"],
        "responses": ["Variety keeps your workouts exciting, challenges your body, and prevents plateaus. Let's explore different exercise variations, equipment options, and training modalities to keep your workouts engaging and effective.", "Switching up your exercises stimulates muscle growth, prevents adaptation, and enhances overall fitness. Let's introduce new movements, training techniques, and workout formats to keep your routine fresh and enjoyable."]
      },
      {
        "tag": "mind-body-connection",
        "patterns": ["How does the mind-body connection influence exercise performance?", "Can you provide techniques for enhancing mind-body awareness during workouts?", "What role does mindfulness play in fitness and well-being?"],
        "responses": ["The mind-body connection plays a significant role in exercise performance, motivation, and overall well-being. Let's explore mindfulness practices, visualization techniques, and breathwork exercises to cultivate greater awareness and focus during your workouts.", "Developing a strong mind-body connection enhances your movement quality, reduces stress, and promotes flow states during exercise. Let's integrate mindfulness-based approaches into your training to optimize performance and enjoyment."]
      },
      {
        "tag": "goal-revision",
        "patterns": ["I've achieved my initial fitness goals. How do I set new ones?", "My goals have changed. Can you help me revise my workout plan?", "I'm no longer motivated by my current goals. What should I do?"],
        "responses": ["As you evolve on your fitness journey, your goals may shift or expand. Let's reassess your aspirations, celebrate your achievements, and set new targets that align with your current interests, priorities, and capabilities.", "Revising your goals is a natural part of growth and progression. Let's revisit your training plan, update your objectives, and adjust your strategies to ensure continued motivation and success."]
      },
      {
        "tag": "community-support",
        "patterns": ["I'm looking for a supportive fitness community. Can you recommend any?", "How can I connect with like-minded individuals who share my fitness interests?", "Do you organize group fitness classes or events?"],
        "responses": ["Connecting with a supportive fitness community can enhance accountability, motivation, and enjoyment. Let's explore local gym memberships, online fitness forums, social media groups, or community fitness events where you can engage with like-minded individuals.", "Building a strong support network of fellow fitness enthusiasts can provide encouragement, inspiration, and valuable resources. Let's find opportunities to connect with others who share your passion for health and wellness."]
      },
      {
        "tag": "nutrition-supplementation",
        "patterns": ["Should I consider taking supplements to support my fitness goals?", "What are the benefits and risks of using sports supplements?", "Can you recommend safe and effective dietary supplements for enhancing performance?"],
        "responses": ["Supplements can complement a balanced diet and support specific fitness goals, but they're not a substitute for whole foods. Let's discuss your nutritional needs, dietary preferences, and potential supplement options to optimize your performance and recovery.", "While some supplements may offer benefits for certain individuals under specific circumstances, others may pose risks or have limited scientific evidence. Let's evaluate your supplementation goals, review available research, and make informed decisions to enhance your overall health and fitness."]
      },
      {
        "tag": "plateau",
        "patterns": ["I feel like I've hit a plateau in my progress. What should I do?", "How can I overcome a fitness plateau?", "My results have stalled. Can you help me break through a plateau?"],
        "responses": ["Plateaus are a common part of the fitness journey and can be overcome with strategic adjustments. Let's assess your current routine, nutrition, and recovery practices to identify areas for improvement and implement effective strategies for progress.", "Breaking through a plateau often requires changes to your training variables, such as intensity, volume, or exercise selection. Let's design a periodized training plan and nutritional approach to reignite your progress and reach new heights."]
      },
      {
        "tag": "injury-prevention",
        "patterns": ["How can I prevent workout-related injuries?", "Are there specific exercises to strengthen injury-prone areas?", "I'm recovering from an injury. Can you recommend safe exercises to aid my recovery?"],
        "responses": ["Injury prevention involves proper warm-up, technique mastery, gradual progression, and adequate recovery. Let's review your form, biomechanics, and training volume to minimize injury risk and promote longevity in your fitness journey.Strengthening stabilizing muscles, improving mobility, and addressing movement imbalances are key strategies for injury prevention. Let's incorporate corrective exercises, mobility drills, and injury-specific rehab protocols into your training to support your recovery and reduce the risk of future injuries.*Purpose*: Improve movement, prevent injury, and reduce stiffness.Static stretching after workouts  15 X 5 SetGentle yoga or chair yoga .Mobility drills Frequency*: Daily or after every workout session"]
      },
      {
        "tag": "nutrition-advice",
        "patterns": ["Can you provide general nutrition advice for supporting fitness goals?", "What should I eat before and after workouts for optimal performance?", "How important is nutrition in achieving fitness results?"],
        "responses": ["Nutrition plays a critical role in fueling your workouts, supporting recovery, and optimizing performance. Let's discuss macronutrient balance, meal timing, and nutrient-dense food choices tailored to your fitness goals and lifestyle preferences.", "Proper nutrition provides the foundation for achieving your fitness goals and maximizing your training outcomes. Let's develop a customized nutrition plan that aligns with your energy needs, dietary preferences, and performance objectives."]
      },
      {
        "tag": "weight_loss",
        "patterns": [
          "I want to lose weight. Can you help?",
          "What's the best way to start losing weight?",
          "How can I lose weight in a healthy way?",
          "I'm struggling to lose weight. Any advice?",
          "What are some effective weight loss tips?"
        ],
        "responses": [
          "Losing weight effectively and sustainably starts with creating a slight calorie deficit through a balanced diet and consistent physical activity. Let's build a plan that suits your lifestyle and goals, focusing on both nutrition and movement.",
          "Healthy weight loss is about more than just numbers on the scale. We'll take a holistic approach that includes portion control, nutritious meals, strength training, and habits that support long-term success.",
          "Weight loss isn't a one-size-fits-all journey. By assessing your current eating habits, activity levels, and mindset, we can develop strategies that fit your unique needs and keep you motivated.",
          "Struggling with weight loss is normal, but you’re not alone. Together, we can identify what’s holding you back—be it diet, routine, or stress—and take steps that move you forward in a healthy and achievable way."
        ]
      },
      
      {
        "tag": "motivation",
        "patterns": ["I'm struggling to stay motivated with my workouts. What can I do?", "How do I maintain consistency and motivation in my fitness routine?", "Can you provide tips for overcoming workout fatigue and staying motivated?"],
        "responses": ["Maintaining motivation requires setting meaningful goals, finding enjoyment in the process, and cultivating discipline through consistent action. Let's explore your intrinsic motivators, external rewards, and accountability strategies to reignite your passion for fitness.", "Motivation fluctuates, but building habits and creating a supportive environment can help sustain your commitment to exercise. Let's establish realistic goals, celebrate small victories, and implement behavior change techniques to keep you motivated and on track."]
      },
      {
        "tag": "body-composition",
        "patterns": ["How can I change my body composition through exercise and nutrition?", "What's the best approach for losing body fat and building muscle?", "Can you recommend strategies for achieving a leaner physique?"],
        "responses": ["Changing your body composition requires a combination of resistance training, cardiovascular exercise, and a balanced diet. Let's create a comprehensive plan that focuses on progressive overload, metabolic conditioning, and nutritional optimization to support your body transformation goals.", "Improving body composition involves creating a caloric deficit for fat loss while simultaneously stimulating muscle growth through strength training and adequate protein intake. Let's tailor your training and nutrition strategies to prioritize fat loss, muscle retention, and sustainable results."]
      },
      {
        "tag": "workout-planning",
        "patterns": ["How do I create an effective workout plan?", "Can you help me design a workout routine for my goals?", "What factors should I consider when planning my workouts?"],
        "responses": ["Designing an effective workout plan requires consideration of your goals, fitness level, training preferences, and available equipment. Let's outline your objectives, assess your current fitness status, and develop a structured training program that aligns with your needs and aspirations.", "A well-rounded workout plan incorporates a variety of exercises, training modalities, and progressive overload principles to promote strength, endurance, mobility, and overall fitness. Let's collaborate on crafting a periodized training schedule that optimizes your time, effort, and results."]
      },
      {
        "tag": "tracking-progress",
        "patterns": ["How should I track my fitness progress?", "Are there specific metrics I should monitor to assess my improvements?", "Can you recommend tools or apps for tracking workouts and measurements?"],
        "responses": ["Tracking progress allows you to monitor your performance, identify trends, and adjust your approach as needed. Let's establish measurable goals, track key performance indicators, and utilize progress tracking tools or apps to evaluate your fitness journey.", "Measuring progress through objective metrics, such as strength gains, body measurements, and workout data, provides valuable feedback and motivates continued effort. Let's set benchmarks, establish a tracking system, and review your progress regularly to ensure you're on the right track."]
      },
      {
        "tag": "exercise-variation",
        "patterns": ["How can I add variety to my workouts to prevent boredom?", "Are there alternative exercises I can try to target the same muscle groups?", "Can you suggest new workout routines to keep things interesting?"],
        "responses": ["Introducing exercise variation not only keeps your workouts exciting but also challenges your muscles in different ways, promoting continued growth and adaptation. Let's explore different exercise variations, equipment options, and training techniques to spice up your routine.", "Incorporating diverse exercises, such as compound movements, isolation exercises, and functional movements, ensures balanced muscle development and prevents training plateaus. Let's customize your workout regimen with novel exercises and creative workout formats to keep you engaged and motivated."]
      },
      {
        "tag": "setting-goals",
        "patterns": ["How do I set realistic fitness goals?", "Can you help me establish SMART goals for my training?", "What's the importance of goal-setting in fitness?"],
        "responses": ["Setting realistic, specific, measurable, achievable, relevant, and time-bound (SMART) goals provides clarity, direction, and motivation in your fitness journey. Let's clarify your objectives, define actionable goals, and develop a strategic plan for success.", "Goal-setting allows you to focus your efforts, track your progress, and celebrate your achievements along the way. Let's work together to set meaningful goals that inspire you, challenge you, and propel you toward your desired outcomes."]
      },
      {
        "tag": "rest-days",
        "patterns": ["How many rest days should I take per week?", "Are rest days necessary for muscle recovery and growth?", "Can I still make progress if I train every day?"],
        "responses": ["Rest days are crucial for muscle repair, recovery, and adaptation following intense workouts. Let's discuss your training frequency, volume, and intensity to determine an optimal rest schedule that supports your recovery needs and fitness goals.", "While exercise is important for stimulating muscle growth and strength gains, adequate rest and recovery are equally essential for optimizing performance and preventing overtraining. Let's prioritize rest days in your training program to ensure long-term progress and injury prevention."]
      },
      {
        "tag": "preventing-burnout",
        "patterns": ["How can I prevent burnout from overtraining?", "What are the signs of exercise burnout, and how do I address them?", "Can you suggest strategies for balancing training intensity and recovery?"],
        "responses": ["Preventing burnout requires listening to your body, adjusting your training load, and incorporating sufficient rest and recovery into your routine. Let's monitor your training volume, manage stress levels, and implement deload weeks or active recovery periods to prevent burnout and sustain your fitness journey.", "Burnout can manifest as chronic fatigue, decreased performance, mood disturbances, and increased injury risk. Let's develop a holistic approach to training that emphasizes periodization, recovery optimization, stress management, and lifestyle balance to safeguard your physical and mental well-being."]
      },
      {
        "tag": "weight_gain",
        "patterns": [
          "I want to gain weight. Can you help?",
          "How can I gain weight in a healthy way?",
          "I'm struggling to put on weight. Any tips?",
          "What should I eat to gain weight?",
          "How do I build muscle and gain mass?"
        ],
        "responses": [
          "Gaining weight in a healthy and sustainable way involves eating nutrient-dense foods, increasing your calorie intake, and focusing on strength training. Let’s create a personalized plan that supports lean muscle growth and overall health.",
          "Struggling to gain weight? It’s often about eating more consistently and choosing calorie-rich, balanced meals. We’ll look at your current habits and build a strategy that works with your lifestyle and goals.",
          "Weight gain, especially muscle gain, requires a combination of progressive resistance training, adequate protein intake, and overall calorie surplus. Let’s dial in your workouts and meals to help you see real results.",
          "Putting on healthy weight takes time and intention. We’ll work together to boost your appetite, structure your meals, and support your recovery so you can gain mass in a way that feels good and lasts."
        ]
      },
      
      {
        "tag": "workout-partner",
        "patterns": ["Should I workout alone or with a partner?", "What are the benefits of having a workout buddy?", "Can you recommend ways to find a compatible workout partner?"],
        "responses": ["Having a workout partner can provide motivation, accountability, and social support, enhancing your enjoyment and adherence to exercise. Let's explore the pros and cons of training solo versus with a partner and identify strategies for finding a compatible workout buddy.", "Working out with a partner can increase workout intensity, foster camaraderie, and make exercise more enjoyable. Let's assess your preferences, personality traits, and training goals to determine whether a workout partner would be beneficial for you and how to find the right fit."]
      },
      {
        "tag": "supplementation",
        "patterns": ["Are supplements necessary for reaching my fitness goals?", "What are the best supplements for muscle gain and recovery?", "Can you provide guidance on supplement usage and dosage?"],
        "responses": ["While supplements can complement a balanced diet and support specific fitness goals, they are not a substitute for proper nutrition and training. Let's prioritize whole foods, hydration, and restorative sleep as the foundation of your fitness regimen and discuss the potential benefits and risks of supplement usage.", "Supplements such as protein powder, creatine, and branched-chain amino acids (BCAAs) may enhance muscle growth, strength, and recovery when used in conjunction with a well-rounded diet and training program. Let's evaluate your individual needs, preferences, and budget to determine if and how supplements can optimize your performance and results."]
      },
      {
        "tag": "bodyweight-training",
        "patterns": ["Can bodyweight exercises be as effective as using gym equipment?", "How can I build muscle and strength with just bodyweight exercises?", "Are bodyweight workouts suitable for all fitness levels?"],
        "responses": ["Bodyweight training offers numerous benefits, including convenience, versatility, and accessibility, making it an excellent option for individuals of all fitness levels. Let's design a bodyweight workout program that targets your major muscle groups, challenges your strength and endurance, and progresses over time to promote continuous gains in fitness and functionality.", "Bodyweight exercises can build muscle, improve strength, and enhance functional fitness without the need for specialized equipment or gym memberships. Let's explore bodyweight progressions, variations, and training techniques to design a comprehensive workout plan that aligns with your goals and preferences."]
      },
      {
        "tag": "post-workout-recovery",
        "patterns": ["What should I do immediately after a workout to enhance recovery?", "Are there specific post-workout nutrition strategies for optimizing muscle repair?", "Can you recommend post-workout stretching or mobility exercises?"],
        "responses": ["Post-workout recovery strategies, such as refueling with protein and carbohydrates, hydrating, and performing active recovery exercises, can accelerate muscle repair, replenish glycogen stores, and reduce exercise-induced fatigue. Let's develop a post-workout routine that prioritizes nutrient timing, hydration, and recovery modalities to support your fitness goals and facilitate optimal adaptation.", "The post-workout period is critical for replenishing energy stores, repairing muscle tissue, and promoting recovery from exercise-induced stress. Let's customize your post-workout protocol with targeted nutrition strategies, dynamic stretching, foam rolling, and other recovery techniques to enhance your recovery efficiency and prepare you for future workouts."]
      },
      {
        "tag": "diet-plan",
        "patterns": ["Can you create a personalized diet plan to complement my fitness goals?", "How do I develop a balanced meal plan for muscle gain or fat loss?", "What should I eat to support my workouts and recovery?"],
        "responses": ["Designing a personalized diet plan involves assessing your caloric needs, macronutrient requirements, dietary preferences, and fitness objectives. Let's collaborate on creating a balanced meal plan that aligns with your energy expenditure, nutrient needs, and culinary tastes to optimize your performance, body composition, and overall health.", "A well-rounded diet plan should include a variety of nutrient-dense foods, such as lean proteins, complex carbohydrates, healthy fats, fruits, and vegetables, tailored to your specific fitness goals and dietary preferences. Let's outline a flexible meal plan that provides adequate fuel for your workouts, supports muscle repair and growth, and promotes sustainable changes in body composition."]
      },
      {
        "tag": "nutrient-guide",
        "patterns": ["Can you provide guidance on essential nutrients for optimal health and fitness?", "What are the key vitamins and minerals I should include in my diet?", "How can I ensure I'm meeting my nutritional needs through food?"],
        "responses": ["Meeting your nutritional needs is essential for supporting exercise performance, recovery, and overall well-being. Let's discuss the importance of macronutrients (protein, carbohydrates, fats) and micronutrients (vitamins, minerals) in your diet and identify nutrient-rich foods to include in your meals to meet your specific requirements.", "A balanced diet rich in vitamins, minerals, antioxidants, and phytonutrients is essential for supporting immune function, energy metabolism, and exercise performance. Let's explore the role of key nutrients, such as vitamin D, calcium, iron, omega-3 fatty acids, and antioxidants, in optimizing your health, fitness, and athletic performance and incorporate them into your dietary plan."]
      },
      {
        "tag": "dietary-restrictions",
        "patterns": ["What dietary adjustments can I make if I have specific food allergies or intolerances?", "How can I navigate social situations and dining out while adhering to dietary restrictions?"],
        "responses": ["Managing dietary restrictions can be challenging, but it's important to prioritize your health and well-being. Let's explore alternative food options, substitutions, and strategies for dining out or attending social gatherings while accommodating your specific dietary needs.", "Adhering to dietary restrictions requires careful planning and communication. Let's discuss how to read food labels, communicate your dietary requirements effectively, and make informed choices to ensure you're meeting your nutritional needs without compromising your health or enjoyment."]
      },
      {
        "tag": "hydration",
        "patterns": ["What are the benefits of staying hydrated, and how much water should I drink daily?", "How can I maintain proper hydration during workouts and throughout the day?"],
        "responses": ["Hydration plays a crucial role in supporting overall health, digestion, metabolism, and exercise performance. Let's explore the importance of adequate fluid intake, signs of dehydration, and practical tips for staying hydrated throughout the day, including monitoring urine color, carrying a water bottle, and consuming hydrating foods and beverages.", "Proper hydration is essential for regulating body temperature, lubricating joints, delivering nutrients to cells, and removing waste products from the body. Let's calculate your daily fluid needs based on factors such as body weight, activity level, climate, and individual sweat rate, and develop a hydration plan to optimize your performance, recovery, and well-being."]
      },
      {
        "tag": "meal-prep",
        "patterns": ["How can I streamline meal preparation to save time and maintain a healthy diet?", "What are some practical meal prep tips for busy individuals or families?"],
        "responses": ["Meal prepping can help you save time, reduce stress, and make healthier food choices throughout the week. Let's discuss batch cooking, planning balanced meals, using versatile ingredients, and storing meals properly to optimize your meal prep routine.", "Efficient meal prep involves planning ahead, batch cooking, and utilizing time-saving techniques such as pre-chopping ingredients, using slow cookers or instant pots, and portioning meals into containers for easy grab-and-go options. Let's create a customized meal prep strategy that fits your lifestyle and dietary preferences."]
      },
      {
        "tag": "portion-control",
        "patterns": ["How can I practice portion control and avoid overeating?", "What strategies can I use to regulate portion sizes and maintain a healthy weight?"],
        "responses": ["Practicing portion control is key to managing calorie intake and achieving or maintaining a healthy weight. Let's explore visual cues, portion size guidelines, mindful eating techniques, and strategies for controlling portion sizes at home and when dining out.", "Maintaining portion control involves listening to your body's hunger and fullness cues, using smaller plates and utensils, measuring serving sizes, and avoiding distractions while eating. Let's develop mindful eating habits and portion control strategies that promote satisfaction, satiety, and optimal nutrition."]
      },
      {
        "tag": "snacking",
        "patterns": ["How can I make healthier snack choices to support my nutrition goals?", "What are some nutritious and convenient snack options for between meals?"],
        "responses": ["Choosing nutrient-dense snacks can help stabilize blood sugar levels, curb cravings, and provide sustained energy between meals. Let's explore balanced snack options, such as fruits, vegetables, nuts, seeds, yogurt, and whole grain crackers, and discuss strategies for mindful snacking.", "Healthy snacking can contribute to overall nutrient intake, satiety, and weight management. Let's brainstorm snack ideas that combine protein, fiber, and healthy fats to keep you feeling satisfied and energized throughout the day."]
      },
      {
        "tag": "food-labels",
        "patterns": ["How can I interpret food labels to make informed choices about packaged foods?", "What should I look for when reading food labels to assess nutritional value and ingredient quality?"],
        "responses": ["Understanding food labels can help you make informed decisions about the products you buy and consume. Let's discuss how to interpret nutrition facts panels, ingredient lists, and health claims to identify nutrient-rich foods and avoid processed items with added sugars, unhealthy fats, and artificial additives.", "Reading food labels empowers you to select foods that align with your dietary goals and preferences. Let's review common label terminology, such as serving size, calories, macronutrients, vitamins, minerals, and percent daily values, and discuss strategies for comparing similar products to choose the healthiest options."]
      },
      {
        "tag": "nutritional-myths",
        "patterns": ["What are some common misconceptions about nutrition and dieting?", "Can you debunk popular myths related to food, weight loss, and health?"],
        "responses": ["There are many myths and misinformation surrounding nutrition, weight loss, and health. Let's debunk some common misconceptions and discuss evidence-based recommendations for achieving optimal nutrition, sustainable weight management, and overall well-being.", "Separating fact from fiction can help you make informed choices about your diet and lifestyle. Let's address popular nutritional myths, such as the need to avoid all fats or carbs for weight loss, and explore scientifically supported principles for building a balanced and nourishing diet."]
      },
      {
        "tag": "emotional-eating",
        "patterns": ["How can I identify and manage emotional eating patterns?", "What strategies can I use to break free from emotional eating habits and develop a healthier relationship with food?"],
        "responses": ["Emotional eating involves using food to cope with stress, boredom, or other emotions rather than to satisfy physical hunger. Let's explore mindful eating practices, stress management techniques, and alternative coping strategies to address emotional triggers and develop healthier ways of dealing with emotions.", "Breaking free from emotional eating involves cultivating self-awareness, practicing self-care, and building resilience to manage stress and emotions without turning to food. Let's develop personalized strategies to recognize emotional eating patterns, address underlying triggers, and cultivate a more balanced and intuitive approach to eating."]
      },
      {
        "tag": "supplements",
        "patterns": ["What are your thoughts on using dietary supplements to enhance health and performance?", "Can you provide guidance on selecting and using dietary supplements safely and effectively?"],
        "responses": ["While some dietary supplements may offer benefits for certain individuals, they are not a substitute for a balanced diet and healthy lifestyle. Let's discuss the potential risks and benefits of popular supplements, such as vitamins, minerals, protein powders, and sports supplements, and explore evidence-based recommendations for their use.", "Choosing the right dietary supplements requires careful consideration of individual needs, goals, and potential risks. Let's review the role of supplements in supporting specific health outcomes, such as bone health, immune function, and exercise performance, and discuss factors to consider when selecting and using supplements, including quality, safety, and efficacy."]
      },
      {
        "tag": "dietary-goals",
        "patterns": ["How can I set realistic and achievable dietary goals to support my health and fitness objectives?", "What strategies can I use to stay motivated and track progress towards my nutrition goals?"],
        "responses": ["Setting SMART (specific, measurable, achievable, relevant, time-bound) goals can help you stay focused, motivated, and accountable on your nutrition journey. Let's identify your short-term and long-term dietary goals, break them down into manageable steps, and develop an action plan with clear milestones and timelines.", "Achieving dietary goals requires commitment, consistency, and resilience. Let's explore strategies for overcoming challenges, staying motivated, and tracking progress towards your nutrition goals, such as keeping a food diary, seeking social support, and celebrating small victories along the way."]
      },
      {
        "tag": "eating-out",
        "patterns": ["How can I make healthier choices when eating out at restaurants or social gatherings?", "What are some tips for navigating menus and managing portion sizes when dining out?"],
        "responses": ["Eating out can present challenges for maintaining a healthy diet, but with mindful planning and preparation, you can make nutritious choices while enjoying social occasions. Let's discuss strategies for reviewing menus, selecting healthier options, and managing portion sizes when dining out or attending events.", "Making healthier choices when eating out involves being mindful of portion sizes, ingredient quality, and preparation methods. Let's explore tips for navigating restaurant menus, requesting modifications, and balancing indulgent treats with lighter options to support your nutrition goals."]
      },
      {
        "tag": "calcium-intake",
        "patterns": ["How can I ensure I'm getting enough calcium in my diet?", "What are some calcium-rich foods I should include in my meals?"],
        "responses": ["Calcium is essential for bone health and other bodily functions. Let's discuss dairy and non-dairy sources of calcium, such as milk, yogurt, cheese, tofu, leafy greens, fortified plant-based milk, and nuts, and explore strategies for meeting your daily calcium needs through diet and supplementation."]
      },
      {
        "tag": "protein-intake",
        "patterns": ["How can I increase my protein intake to support muscle growth and repair?", "What are some high-protein foods I should incorporate into my diet?"],
        "responses": ["Protein plays a crucial role in building and repairing tissues, supporting immune function, and maintaining satiety. Let's explore animal and plant-based sources of protein, such as lean meats, poultry, fish, eggs, dairy, legumes, tofu, tempeh, edamame, quinoa, nuts, and seeds, and discuss strategies for optimizing protein intake throughout the day."]
      },
      {
        "tag": "calcium-protein",
        "patterns": ["How can I plan meals that are rich in both calcium and protein?", "What are some nutritious recipes that provide ample calcium and protein?"],
        "responses": ["Combining calcium-rich foods with protein sources can help you meet your nutrient needs and support overall health. Let's explore meal ideas that incorporate dairy and non-dairy sources of calcium, such as Greek yogurt with almonds and berries, spinach and feta omelets, salmon with broccoli and tofu stir-fry, or cottage cheese with fruit and seeds."]
      },
      {
        "tag": "calcium-benefits",
        "patterns": ["What are the health benefits of consuming adequate calcium in the diet?", "How does calcium contribute to overall health and well-being?"],
        "responses": ["Calcium is essential for maintaining strong bones and teeth, supporting muscle function, nerve transmission, and blood clotting, and regulating heartbeat. Let's discuss the importance of meeting your daily calcium requirements through diet or supplementation to support bone health, prevent osteoporosis, and reduce the risk of fractures and other health conditions."]
      },
      {
        "tag": "protein-benefits",
        "patterns": ["What are the benefits of including sufficient protein in the diet?", "How does protein contribute to muscle growth, repair, and overall health?"],
        "responses": ["Protein is vital for building and repairing tissues, supporting immune function, synthesizing hormones and enzymes, and preserving lean muscle mass. Let's explore the role of protein in promoting satiety, aiding in weight management, and enhancing exercise performance, recovery, and muscle growth."]
      },
      {
        "tag": "calcium-deficiency",
        "patterns": ["What are the signs and symptoms of calcium deficiency?", "How can I recognize if I'm not getting enough calcium in my diet?"],
        "responses": ["Calcium deficiency can lead to weak bones, increased risk of fractures, osteoporosis, muscle cramps, fatigue, and other health problems. Let's discuss the signs and symptoms of calcium deficiency and strategies for assessing your calcium intake, such as keeping a food diary, consulting with a healthcare provider, and getting a bone density test if necessary."]
      },
      {
        "tag": "protein-deficiency",
        "patterns": ["What are the signs and symptoms of protein deficiency?", "How can I tell if I'm not getting enough protein in my diet?"],
        "responses": ["Protein deficiency can result in muscle wasting, fatigue, weakness, slow wound healing, impaired immune function, hair loss, and other symptoms. Let's discuss the signs and symptoms of protein deficiency and strategies for evaluating your protein intake, such as monitoring appetite, muscle mass, and recovery from exercise, and seeking guidance from a registered dietitian if needed."]
      },
      {
        "tag": "calcium-supplements",
        "patterns": ["Are calcium supplements necessary for meeting daily calcium requirements?", "When should I consider taking calcium supplements, and are there any risks or side effects?"],
        "responses": ["While it's best to obtain calcium from food sources, supplements may be necessary for individuals who cannot meet their calcium needs through diet alone, such as those with lactose intolerance, dairy allergies, or specific dietary preferences. Let's discuss the role of calcium supplements, dosage recommendations, absorption factors, and potential risks or interactions with other nutrients."]
      },
      {
        "tag": "protein-supplements",
        "patterns": ["What are your thoughts on using protein supplements to enhance protein intake?", "Are protein supplements beneficial for athletes, bodybuilders, or individuals with increased protein needs?"],
        "responses": ["Protein supplements, such as protein powders, shakes, and bars, can be convenient options for individuals with higher protein requirements or those who struggle to meet their protein needs through whole foods alone. Let's discuss the potential benefits, types of protein supplements, quality considerations, and appropriate usage for supporting muscle recovery, performance, and overall health."]
      },
      {
        "tag": "calcium-protein-recipes",
        "patterns": ["Can you share some delicious recipes that are rich in both calcium and protein?", "What are some creative meal ideas that incorporate calcium and protein-rich ingredients?"],
        "responses": ["Certainly! Here are some tasty recipes to try: Spinach and Feta Stuffed Chicken Breast, Greek Yogurt Parfait with Fresh Fruit and Almonds, Salmon and Broccoli Quinoa Bowl, Tofu and Vegetable Stir-Fry with Sesame Seeds, Cottage Cheese Pancakes with Berries and Walnuts. These dishes are not only delicious but also provide a good balance of calcium and protein to support your nutritional needs."]
      }
    ]
  }
  